{
  "generated": "2026-05-04T21:33:57.758376",
  "timing_results": {
    "00:00 / 30m": {
      "pnl": -1269.2944999999936,
      "trades": 595,
      "wr": 6.38655462184874
    },
    "00:00 / 60m": {
      "pnl": -1321.622000000003,
      "trades": 553,
      "wr": 5.605786618444847
    },
    "00:30 / 30m": {
      "pnl": -1063.8210000000056,
      "trades": 544,
      "wr": 6.985294117647059
    },
    "01:00 / 30m": {
      "pnl": -1489.5770000000155,
      "trades": 521,
      "wr": 4.222648752399232
    },
    "01:00 / 60m": {
      "pnl": -1575.9600000000048,
      "trades": 431,
      "wr": 1.6241299303944317
    },
    "01:30 / 15m": {
      "pnl": -1560.9029999999996,
      "trades": 535,
      "wr": 3.364485981308411
    },
    "01:43 / 3m (current)": {
      "pnl": -601.7924999999989,
      "trades": 300,
      "wr": 9.333333333333334
    },
    "02:00 / 30m (post-open)": {
      "pnl": -1680.9379999999971,
      "trades": 386,
      "wr": 1.8134715025906736
    },
    "02:00 / 60m": {
      "pnl": -1205.575499999998,
      "trades": 271,
      "wr": 1.1070110701107012
    },
    "02:30 / 30m": {
      "pnl": -1252.3185000000037,
      "trades": 349,
      "wr": 2.865329512893983
    },
    "03:00 / 30m": {
      "pnl": -784.3259999999996,
      "trades": 205,
      "wr": 2.4390243902439024
    }
  },
  "best_timing": "01:43 / 3m (current)"
}