{
  "generated": "2026-05-03T19:28:14.635483",
  "e013_baseline": 375.0,
  "variants": [
    {
      "label": "e14a \u00b7 Macro only (no chain, no adaptive)",
      "total": 232.19999999999993,
      "by_session": {
        "Asia": 157.4,
        "London": 263.5,
        "NY": -188.70000000000002
      },
      "elapsed_s": 362.0182831287384
    },
    {
      "label": "e14b \u00b7 Adaptive only (no macro, no chain)",
      "total": 232.00000000000003,
      "by_session": {
        "Asia": 151.0,
        "London": 355.5,
        "NY": -274.5
      },
      "elapsed_s": 294.33271193504333
    },
    {
      "label": "e14c \u00b7 Filter on NY+Asia ONLY (London raw)",
      "total": 504.20000000000005,
      "by_session": {
        "Asia": 97.9,
        "London": 486.40000000000003,
        "NY": -80.10000000000002
      },
      "elapsed_s": 315.806067943573
    },
    {
      "label": "e14d \u00b7 Adaptive on Asia ONLY",
      "total": 549.5,
      "by_session": {
        "Asia": 151.0,
        "London": 486.40000000000003,
        "NY": -87.9
      },
      "elapsed_s": 300.97835087776184
    }
  ]
}