{
  "generated": "2026-05-04T21:13:39.378226",
  "asia_best": "19:00/30m",
  "asia_pnl": 261.4,
  "ny_results": {
    "08:00 / 30m (early pre-NY)": {
      "pnl": 3581.0930000000017,
      "trades": 737,
      "wr": 62.6865671641791
    },
    "08:00 / 60m": {
      "pnl": 2512.16275,
      "trades": 348,
      "wr": 70.97701149425288
    },
    "08:30 / 30m": {
      "pnl": 2681.016249999997,
      "trades": 536,
      "wr": 63.059701492537314
    },
    "08:30 / 60m": {
      "pnl": 1816.0962499999964,
      "trades": 232,
      "wr": 73.70689655172414
    },
    "09:00 / 30m (NY open)": {
      "pnl": 2449.186499999992,
      "trades": 383,
      "wr": 72.0626631853786
    },
    "09:07 / 10m (e30 baseline)": {
      "pnl": 2964.6169999999925,
      "trades": 771,
      "wr": 60.311284046692606
    },
    "09:00 / 60m": {
      "pnl": 854.1419999999985,
      "trades": 84,
      "wr": 82.14285714285714
    },
    "09:15 / 15m": {
      "pnl": 2547.1514999999963,
      "trades": 597,
      "wr": 63.14907872696818
    },
    "09:30 / 15m (post-open)": {
      "pnl": 2245.5302499999943,
      "trades": 327,
      "wr": 75.53516819571865
    },
    "09:30 / 30m": {
      "pnl": 1549.3097499999994,
      "trades": 166,
      "wr": 81.92771084337349
    },
    "08:00 / 90m WIDE": {
      "pnl": 1493.6812499999994,
      "trades": 164,
      "wr": 78.65853658536585
    },
    "07:00 / 60m super-pre": {
      "pnl": 3691.2852500000004,
      "trades": 743,
      "wr": 61.64199192462988
    }
  },
  "ny_best": "07:00 / 60m super-pre"
}