{
  "generated": "2026-05-04T19:35:00.788058",
  "results": {
    "01:00/3m": {
      "pnl": -442.3480000000063,
      "trades": 370,
      "wr": 12.432432432432432
    },
    "01:00/5m": {
      "pnl": -480.98900000000594,
      "trades": 462,
      "wr": 12.121212121212121
    },
    "01:00/7m": {
      "pnl": -780.0570000000016,
      "trades": 540,
      "wr": 9.814814814814815
    },
    "01:00/10m": {
      "pnl": -1012.7925000000055,
      "trades": 619,
      "wr": 8.723747980613894
    },
    "01:00/15m": {
      "pnl": -1427.155999999996,
      "trades": 678,
      "wr": 7.079646017699115
    },
    "01:15/3m": {
      "pnl": -364.51650000000586,
      "trades": 355,
      "wr": 14.366197183098592
    },
    "01:15/5m": {
      "pnl": -559.0500000000025,
      "trades": 423,
      "wr": 12.529550827423169
    },
    "01:15/7m": {
      "pnl": -821.6345000000017,
      "trades": 510,
      "wr": 10.980392156862745
    },
    "01:15/10m": {
      "pnl": -1415.1160000000093,
      "trades": 585,
      "wr": 7.521367521367521
    },
    "01:15/15m": {
      "pnl": -1490.1895000000106,
      "trades": 656,
      "wr": 7.164634146341464
    },
    "01:30/3m": {
      "pnl": -1028.5015000000094,
      "trades": 548,
      "wr": 8.576642335766424
    },
    "01:30/5m": {
      "pnl": -1208.1370000000013,
      "trades": 587,
      "wr": 7.155025553662692
    },
    "01:30/7m": {
      "pnl": -1264.3920000000016,
      "trades": 614,
      "wr": 6.351791530944626
    },
    "01:30/10m": {
      "pnl": -1452.1919999999998,
      "trades": 653,
      "wr": 5.51301684532925
    },
    "01:30/15m": {
      "pnl": -1950.3565000000033,
      "trades": 661,
      "wr": 3.933434190620272
    },
    "01:40/3m": {
      "pnl": -819.582500000002,
      "trades": 422,
      "wr": 9.24170616113744
    },
    "01:40/5m": {
      "pnl": -957.7679999999966,
      "trades": 501,
      "wr": 8.582834331337326
    },
    "01:40/7m": {
      "pnl": -1247.4854999999925,
      "trades": 550,
      "wr": 6.909090909090909
    },
    "01:40/10m": {
      "pnl": -1714.4585000000034,
      "trades": 590,
      "wr": 4.915254237288136
    },
    "01:40/15m": {
      "pnl": -1623.1484999999961,
      "trades": 576,
      "wr": 5.034722222222222
    },
    "01:43/3m": {
      "pnl": -600.0304999999973,
      "trades": 408,
      "wr": 11.764705882352942
    },
    "01:43/5m": {
      "pnl": -888.4504999999908,
      "trades": 516,
      "wr": 10.077519379844961
    },
    "01:43/7m": {
      "pnl": -1429.4729999999965,
      "trades": 555,
      "wr": 7.027027027027027
    },
    "01:43/10m": {
      "pnl": -1652.513999999992,
      "trades": 581,
      "wr": 4.991394148020654
    },
    "01:43/15m": {
      "pnl": -1588.312499999991,
      "trades": 574,
      "wr": 4.878048780487805
    },
    "01:45/3m": {
      "pnl": -540.851999999994,
      "trades": 459,
      "wr": 12.200435729847495
    },
    "01:45/5m": {
      "pnl": -1156.8949999999957,
      "trades": 513,
      "wr": 8.576998050682262
    },
    "01:45/7m": {
      "pnl": -1352.8825000000052,
      "trades": 544,
      "wr": 7.352941176470588
    },
    "01:45/10m": {
      "pnl": -1527.7320000000018,
      "trades": 555,
      "wr": 5.945945945945946
    },
    "01:45/15m": {
      "pnl": -1802.6354999999967,
      "trades": 591,
      "wr": 4.568527918781726
    },
    "01:50/3m": {
      "pnl": -397.85699999999656,
      "trades": 402,
      "wr": 12.686567164179104
    },
    "01:50/5m": {
      "pnl": -1087.2520000000054,
      "trades": 446,
      "wr": 7.8475336322869955
    },
    "01:50/7m": {
      "pnl": -1305.9200000000005,
      "trades": 509,
      "wr": 6.679764243614931
    },
    "01:50/10m": {
      "pnl": -1643.3460000000016,
      "trades": 563,
      "wr": 5.150976909413854
    },
    "01:50/15m": {
      "pnl": -1844.1190000000015,
      "trades": 550,
      "wr": 4.0
    },
    "02:00/3m": {
      "pnl": -760.2974999999951,
      "trades": 424,
      "wr": 8.962264150943396
    },
    "02:00/5m": {
      "pnl": -962.0415000000037,
      "trades": 478,
      "wr": 7.322175732217573
    },
    "02:00/7m": {
      "pnl": -1076.7684999999929,
      "trades": 519,
      "wr": 7.129094412331407
    },
    "02:00/10m": {
      "pnl": -1203.6589999999949,
      "trades": 510,
      "wr": 6.078431372549019
    },
    "02:00/15m": {
      "pnl": -1638.568000000001,
      "trades": 510,
      "wr": 3.1372549019607843
    },
    "02:15/3m": {
      "pnl": -720.5725000000002,
      "trades": 378,
      "wr": 9.523809523809524
    },
    "02:15/5m": {
      "pnl": -1210.760500000001,
      "trades": 469,
      "wr": 6.3965884861407245
    },
    "02:15/7m": {
      "pnl": -1329.950499999996,
      "trades": 512,
      "wr": 6.4453125
    },
    "02:15/10m": {
      "pnl": -1579.5569999999914,
      "trades": 532,
      "wr": 5.2631578947368425
    },
    "02:15/15m": {
      "pnl": -1670.7069999999967,
      "trades": 512,
      "wr": 3.90625
    },
    "02:30/3m": {
      "pnl": -974.0675000000037,
      "trades": 437,
      "wr": 9.153318077803204
    },
    "02:30/5m": {
      "pnl": -1211.4015000000059,
      "trades": 495,
      "wr": 6.666666666666667
    },
    "02:30/7m": {
      "pnl": -1178.556500000003,
      "trades": 509,
      "wr": 5.893909626719057
    },
    "02:30/10m": {
      "pnl": -1335.1520000000035,
      "trades": 498,
      "wr": 5.220883534136546
    },
    "02:30/15m": {
      "pnl": -1516.00550000001,
      "trades": 458,
      "wr": 3.493449781659389
    },
    "02:40/3m": {
      "pnl": -407.76349999999934,
      "trades": 329,
      "wr": 10.33434650455927
    },
    "02:40/5m": {
      "pnl": -992.0530000000108,
      "trades": 379,
      "wr": 7.124010554089709
    },
    "02:40/7m": {
      "pnl": -832.8669999999934,
      "trades": 423,
      "wr": 7.092198581560283
    },
    "02:40/10m": {
      "pnl": -1268.6959999999956,
      "trades": 430,
      "wr": 4.883720930232558
    },
    "02:40/15m": {
      "pnl": -1306.3599999999974,
      "trades": 424,
      "wr": 4.481132075471698
    },
    "02:43/3m": {
      "pnl": -679.6970000000088,
      "trades": 321,
      "wr": 9.034267912772586
    },
    "02:43/5m": {
      "pnl": -894.8650000000084,
      "trades": 398,
      "wr": 7.28643216080402
    },
    "02:43/7m": {
      "pnl": -1236.9734999999991,
      "trades": 417,
      "wr": 5.995203836930456
    },
    "02:43/10m": {
      "pnl": -1220.4290000000005,
      "trades": 430,
      "wr": 5.813953488372093
    },
    "02:43/15m": {
      "pnl": -1341.489500000007,
      "trades": 407,
      "wr": 4.176904176904177
    },
    "02:45/3m": {
      "pnl": -772.6130000000048,
      "trades": 340,
      "wr": 8.235294117647058
    },
    "02:45/5m": {
      "pnl": -1075.439499999997,
      "trades": 397,
      "wr": 6.54911838790932
    },
    "02:45/7m": {
      "pnl": -1091.745999999995,
      "trades": 415,
      "wr": 6.746987951807229
    },
    "02:45/10m": {
      "pnl": -1250.5989999999917,
      "trades": 415,
      "wr": 5.0602409638554215
    },
    "02:45/15m": {
      "pnl": -1279.5004999999987,
      "trades": 402,
      "wr": 3.9800995024875623
    },
    "02:50/3m": {
      "pnl": -616.0519999999983,
      "trades": 310,
      "wr": 10.32258064516129
    },
    "02:50/5m": {
      "pnl": -921.2294999999999,
      "trades": 337,
      "wr": 6.528189910979228
    },
    "02:50/7m": {
      "pnl": -1044.7405000000049,
      "trades": 373,
      "wr": 6.434316353887399
    },
    "02:50/10m": {
      "pnl": -998.4609999999986,
      "trades": 377,
      "wr": 5.570291777188329
    },
    "02:50/15m": {
      "pnl": -1073.8604999999998,
      "trades": 404,
      "wr": 5.198019801980198
    }
  },
  "best": "01:15/3m"
}