{
  "generated": "2026-05-04T19:34:22.431840",
  "results": {
    "20:00/5m": {
      "pnl": 71.660499999997,
      "trades": 607,
      "wr": 70.67545304777595
    },
    "20:00/7m": {
      "pnl": 32.87750000000415,
      "trades": 746,
      "wr": 69.16890080428955
    },
    "20:00/10m": {
      "pnl": 16.754500000012058,
      "trades": 864,
      "wr": 67.47685185185185
    },
    "20:00/15m": {
      "pnl": 38.285000000005084,
      "trades": 950,
      "wr": 66.21052631578948
    },
    "20:15/5m": {
      "pnl": 65.22000000000821,
      "trades": 443,
      "wr": 73.81489841986456
    },
    "20:15/7m": {
      "pnl": 55.28899999999999,
      "trades": 571,
      "wr": 71.80385288966725
    },
    "20:15/10m": {
      "pnl": -32.0079999999914,
      "trades": 706,
      "wr": 69.54674220963173
    },
    "20:15/15m": {
      "pnl": -4.751499999998714,
      "trades": 840,
      "wr": 70.11904761904762
    },
    "20:30/5m": {
      "pnl": 11.512500000000273,
      "trades": 466,
      "wr": 72.74678111587983
    },
    "20:30/7m": {
      "pnl": -102.12350000000038,
      "trades": 580,
      "wr": 70.34482758620689
    },
    "20:30/10m": {
      "pnl": -24.435500000005504,
      "trades": 673,
      "wr": 68.64784546805349
    },
    "20:30/15m": {
      "pnl": 86.57999999999265,
      "trades": 781,
      "wr": 70.16645326504481
    },
    "20:45/5m": {
      "pnl": 114.57850000000167,
      "trades": 376,
      "wr": 77.12765957446808
    },
    "20:45/7m": {
      "pnl": 153.81849999999645,
      "trades": 498,
      "wr": 76.10441767068274
    },
    "20:45/10m": {
      "pnl": 70.72549999998955,
      "trades": 633,
      "wr": 73.1437598736177
    },
    "20:45/15m": {
      "pnl": 43.20899999998369,
      "trades": 749,
      "wr": 74.89986648865154
    },
    "21:00/5m": {
      "pnl": 133.21799999999917,
      "trades": 787,
      "wr": 72.1728081321474
    },
    "21:00/7m": {
      "pnl": 90.82499999998481,
      "trades": 863,
      "wr": 67.20741599073001
    },
    "21:00/10m": {
      "pnl": 52.4004999999886,
      "trades": 883,
      "wr": 66.59116647791619
    },
    "21:00/15m": {
      "pnl": 44.276999999994814,
      "trades": 904,
      "wr": 63.163716814159294
    },
    "21:15/5m": {
      "pnl": 7.233499999991409,
      "trades": 656,
      "wr": 72.86585365853658
    },
    "21:15/7m": {
      "pnl": 64.10899999999674,
      "trades": 751,
      "wr": 71.90412782956058
    },
    "21:15/10m": {
      "pnl": 108.36349999998811,
      "trades": 821,
      "wr": 70.64555420219244
    },
    "21:15/15m": {
      "pnl": 159.7735000000023,
      "trades": 861,
      "wr": 68.29268292682927
    },
    "21:30/5m": {
      "pnl": -9.478000000006432,
      "trades": 633,
      "wr": 72.51184834123222
    },
    "21:30/7m": {
      "pnl": -31.231999999994514,
      "trades": 736,
      "wr": 69.02173913043478
    },
    "21:30/10m": {
      "pnl": 53.23400000000265,
      "trades": 787,
      "wr": 66.4548919949174
    },
    "21:30/15m": {
      "pnl": 174.7180000000069,
      "trades": 774,
      "wr": 65.63307493540051
    },
    "21:45/5m": {
      "pnl": 89.91450000000418,
      "trades": 493,
      "wr": 72.41379310344827
    },
    "21:45/7m": {
      "pnl": 101.30450000000633,
      "trades": 601,
      "wr": 68.88519134775375
    },
    "21:45/10m": {
      "pnl": 118.87999999999943,
      "trades": 693,
      "wr": 69.26406926406926
    },
    "21:45/15m": {
      "pnl": 149.41049999999427,
      "trades": 711,
      "wr": 66.66666666666667
    },
    "22:00/5m": {
      "pnl": 25.620500000008178,
      "trades": 517,
      "wr": 71.1798839458414
    },
    "22:00/7m": {
      "pnl": -15.375999999999749,
      "trades": 581,
      "wr": 68.15834767641996
    },
    "22:00/10m": {
      "pnl": 57.221499999991465,
      "trades": 604,
      "wr": 69.03973509933775
    },
    "22:00/15m": {
      "pnl": 6.81499999999528,
      "trades": 583,
      "wr": 64.15094339622641
    },
    "22:15/5m": {
      "pnl": 23.67299999999682,
      "trades": 342,
      "wr": 73.09941520467837
    },
    "22:15/7m": {
      "pnl": 39.5899999999981,
      "trades": 371,
      "wr": 73.58490566037736
    },
    "22:15/10m": {
      "pnl": 10.562999999996919,
      "trades": 413,
      "wr": 71.1864406779661
    },
    "22:15/15m": {
      "pnl": -34.27649999999949,
      "trades": 381,
      "wr": 68.76640419947506
    },
    "22:30/5m": {
      "pnl": -17.760000000002492,
      "trades": 282,
      "wr": 69.14893617021276
    },
    "22:30/7m": {
      "pnl": 41.01350000000002,
      "trades": 312,
      "wr": 69.23076923076923
    },
    "22:30/10m": {
      "pnl": 69.2499999999975,
      "trades": 247,
      "wr": 70.04048582995951
    },
    "22:30/15m": {
      "pnl": 31.145499999998265,
      "trades": 142,
      "wr": 65.49295774647888
    },
    "22:45/5m": {
      "pnl": 22.221999999997706,
      "trades": 92,
      "wr": 75.0
    },
    "22:45/7m": {
      "pnl": 24.213000000000193,
      "trades": 49,
      "wr": 81.63265306122449
    },
    "22:45/10m": {
      "pnl": 1.2894999999980428,
      "trades": 16,
      "wr": 75.0
    },
    "22:45/15m": {
      "pnl": 0,
      "trades": 0,
      "wr": 0
    }
  },
  "best": "21:30/15m"
}