{
  "generated": "2026-05-04T19:48:44.990360",
  "results": {
    "body20": {
      "pnl": 1374.4134999999906,
      "trades": 595,
      "wr": 22.016806722689076
    },
    "body30": {
      "pnl": 1438.732999999993,
      "trades": 558,
      "wr": 23.476702508960575
    },
    "body40": {
      "pnl": 1515.9969999999948,
      "trades": 508,
      "wr": 25.19685039370079
    },
    "body50": {
      "pnl": 1661.8989999999899,
      "trades": 467,
      "wr": 27.40899357601713
    },
    "body60": {
      "pnl": 1636.3304999999864,
      "trades": 443,
      "wr": 27.76523702031603
    },
    "body70": {
      "pnl": 1560.731999999989,
      "trades": 407,
      "wr": 28.992628992628994
    },
    "body80": {
      "pnl": 1636.14649999999,
      "trades": 377,
      "wr": 30.76923076923077
    },
    "sl0.3": {
      "pnl": 1761.1616999999994,
      "trades": 484,
      "wr": 29.132231404958677
    },
    "sl0.4": {
      "pnl": 1562.863599999998,
      "trades": 473,
      "wr": 27.69556025369979
    },
    "sl0.5": {
      "pnl": 1661.8989999999899,
      "trades": 467,
      "wr": 27.40899357601713
    },
    "sl0.6": {
      "pnl": 1539.082199999989,
      "trades": 453,
      "wr": 25.607064017660043
    },
    "sl0.7": {
      "pnl": 1212.505899999997,
      "trades": 434,
      "wr": 23.04147465437788
    },
    "sl0.8": {
      "pnl": 918.9887999999945,
      "trades": 418,
      "wr": 21.291866028708135
    },
    "sl1.0": {
      "pnl": 404.01199999999085,
      "trades": 381,
      "wr": 17.060367454068242
    },
    "tp3.0": {
      "pnl": 2905.9524999999935,
      "trades": 698,
      "wr": 54.44126074498568
    },
    "tp4.0": {
      "pnl": 2292.6569999999915,
      "trades": 574,
      "wr": 41.81184668989547
    },
    "tp5.0": {
      "pnl": 1991.2329999999931,
      "trades": 514,
      "wr": 34.24124513618677
    },
    "tp6.0": {
      "pnl": 1661.8989999999899,
      "trades": 467,
      "wr": 27.40899357601713
    },
    "tp7.0": {
      "pnl": 1444.5524999999902,
      "trades": 440,
      "wr": 22.727272727272727
    },
    "tp8.0": {
      "pnl": 1104.582499999995,
      "trades": 415,
      "wr": 17.83132530120482
    },
    "tp10.0": {
      "pnl": 283.2254999999949,
      "trades": 381,
      "wr": 9.973753280839896
    },
    "tp12.0": {
      "pnl": -237.04149999999674,
      "trades": 362,
      "wr": 4.972375690607735
    },
    "combo_body40 + default": {
      "pnl": 1515.9969999999948,
      "trades": 508,
      "wr": 25.19685039370079
    },
    "combo_body30 + default": {
      "pnl": 1438.732999999993,
      "trades": 558,
      "wr": 23.476702508960575
    },
    "combo_body50 + tighter SL": {
      "pnl": 1562.863599999998,
      "trades": 473,
      "wr": 27.69556025369979
    },
    "combo_body50 + wider SL": {
      "pnl": 1539.082199999989,
      "trades": 453,
      "wr": 25.607064017660043
    },
    "combo_body50 + TP7R": {
      "pnl": 1444.5524999999902,
      "trades": 440,
      "wr": 22.727272727272727
    },
    "combo_body50 + TP8R": {
      "pnl": 1104.582499999995,
      "trades": 415,
      "wr": 17.83132530120482
    },
    "combo_body40 + tightSL + TP7": {
      "pnl": 1267.4427999999987,
      "trades": 491,
      "wr": 21.384928716904277
    },
    "combo_body30 + tightSL + TP5": {
      "pnl": 1823.8943999999933,
      "trades": 615,
      "wr": 30.24390243902439
    }
  },
  "best": "tp3.0"
}