{
  "generated": "2026-05-04T17:54:37.774422",
  "results": {
    "Asia baseline (e20d 21:00, 7m, box_mid)": {
      "pnl": 90.82499999998481,
      "trades": 863,
      "wr": 67.20741599073001
    },
    "A28a TP=quarter (75% to mid)": {
      "pnl": 87.40049999999383,
      "trades": 720,
      "wr": 70.27777777777777
    },
    "A28b TP=quarter (50% to mid)": {
      "pnl": 61.26674999999159,
      "trades": 486,
      "wr": 74.07407407407408
    },
    "A28c TP=quarter (25% to mid)": {
      "pnl": 5.53262499999164,
      "trades": 220,
      "wr": 80.0
    },
    "A28d Tight SL buffer=0.5pt": {
      "pnl": 85.44549999998821,
      "trades": 828,
      "wr": 63.52657004830918
    },
    "A28e Wide SL buffer=2pt": {
      "pnl": 100.78449999998679,
      "trades": 788,
      "wr": 74.61928934010152
    },
    "A28f require_both_edges": {
      "pnl": 95.91099999999892,
      "trades": 402,
      "wr": 72.13930348258707
    },
    "A28g trend_filter (skip trending)": {
      "pnl": -14.572500000001583,
      "trades": 33,
      "wr": 51.515151515151516
    },
    "A28h Tokyo first 21-22 only": {
      "pnl": 73.29649999998946,
      "trades": 684,
      "wr": 66.95906432748538
    },
    "A28i Pre-London 22-23 only": {
      "pnl": -15.375999999999749,
      "trades": 581,
      "wr": 68.15834767641996
    },
    "A28j Pre-London 22:30-23 narrow": {
      "pnl": 41.01350000000002,
      "trades": 312,
      "wr": 69.23076923076923
    },
    "A28k box dur=10min": {
      "pnl": 52.4004999999886,
      "trades": 883,
      "wr": 66.59116647791619
    },
    "A28l box dur=15min": {
      "pnl": 44.276999999994814,
      "trades": 904,
      "wr": 63.163716814159294
    },
    "A28m TP=quarter50 + tight SL": {
      "pnl": 60.11974999999302,
      "trades": 474,
      "wr": 71.30801687763713
    },
    "A28n TP=quarter25 + tight SL": {
      "pnl": 2.997749999992493,
      "trades": 223,
      "wr": 78.02690582959642
    }
  }
}