{
  "Pine v15 current (BE 1.0R, 90min PB)": {
    "per_session": {
      "Asia": {
        "total_usd": 241.89520000002994,
        "total_pts": 120.94760000001497,
        "n_trades": 471,
        "n_days": 175,
        "wr_pct": 49.25690021231423,
        "avg_per_day": 1.3822582857144567,
        "median_per_day": -1.241999999998371,
        "p10_day": -19.795600000000377,
        "p25_day": -10.394999999999982,
        "p75_day": 12.096599999998944,
        "p90_day": 27.547119999998902,
        "worst_day": -75.15200000000004,
        "worst_trade": -51.58200000000034,
        "days_loss_50plus": 1,
        "days_loss_100plus": 0,
        "days_win_50plus": 4,
        "days_win_100plus": 0,
        "max_drawdown_usd": -348.08079999999427,
        "max_consec_loss": 7
      },
      "London": {
        "total_usd": 76.02360000001136,
        "total_pts": 38.01180000000568,
        "n_trades": 880,
        "n_days": 232,
        "wr_pct": 50.68181818181818,
        "avg_per_day": 0.3276879310345317,
        "median_per_day": 0.0340000000001055,
        "p10_day": -24.80600000000104,
        "p25_day": -11.65200000000118,
        "p75_day": 13.06560000000104,
        "p90_day": 23.01760000000114,
        "worst_day": -67.03199999999742,
        "worst_trade": -30.944000000001324,
        "days_loss_50plus": 3,
        "days_loss_100plus": 0,
        "days_win_50plus": 6,
        "days_win_100plus": 0,
        "max_drawdown_usd": -424.56999999999516,
        "max_consec_loss": 9
      },
      "NY": {
        "total_usd": 396.94400000000496,
        "total_pts": 198.47200000000248,
        "n_trades": 685,
        "n_days": 221,
        "wr_pct": 49.051094890510946,
        "avg_per_day": 1.7961266968326017,
        "median_per_day": 1.3559999999997672,
        "p10_day": -23.796000000000276,
        "p25_day": -11.711999999999534,
        "p75_day": 16.674799999998868,
        "p90_day": 28.510400000000118,
        "worst_day": -85.5099999999984,
        "worst_trade": -53.623999999999796,
        "days_loss_50plus": 6,
        "days_loss_100plus": 0,
        "days_win_50plus": 5,
        "days_win_100plus": 0,
        "max_drawdown_usd": -272.8499999999949,
        "max_consec_loss": 9
      }
    },
    "combined": {
      "total_usd": 714.8628000000463,
      "total_pts": 357.43140000002313,
      "n_trades": 2036,
      "n_days": 240,
      "wr_pct": 49.80353634577603,
      "avg_per_day": 2.9785950000001926,
      "median_per_day": 1.227000000000316,
      "p10_day": -40.3481999999969,
      "p25_day": -16.99900000000048,
      "p75_day": 21.6265999999996,
      "p90_day": 44.611000000000786,
      "worst_day": -108.90400000000591,
      "worst_trade": -53.623999999999796,
      "days_loss_50plus": 14,
      "days_loss_100plus": 1,
      "days_win_50plus": 19,
      "days_win_100plus": 4,
      "max_drawdown_usd": -424.56999999999516,
      "max_consec_loss": 9
    }
  },
  "Pine v15.1 candidate (BE 1.5R, 90min PB)": {
    "per_session": {
      "Asia": {
        "total_usd": 542.4392000000298,
        "total_pts": 271.2196000000149,
        "n_trades": 411,
        "n_days": 174,
        "wr_pct": 42.579075425790755,
        "avg_per_day": 3.117466666666838,
        "median_per_day": -0.45499999999992724,
        "p10_day": -19.79579999999887,
        "p25_day": -10.403499999999667,
        "p75_day": 15.188000000001011,
        "p90_day": 31.692520000001988,
        "worst_day": -75.15200000000004,
        "worst_trade": -51.58200000000034,
        "days_loss_50plus": 1,
        "days_loss_100plus": 0,
        "days_win_50plus": 5,
        "days_win_100plus": 0,
        "max_drawdown_usd": -277.6699999999919,
        "max_consec_loss": 10
      },
      "London": {
        "total_usd": 242.24400000003243,
        "total_pts": 121.12200000001621,
        "n_trades": 813,
        "n_days": 232,
        "wr_pct": 41.69741697416974,
        "avg_per_day": 1.0441551724139329,
        "median_per_day": 3.005999999999858,
        "p10_day": -29.000999999999294,
        "p25_day": -12.715500000000247,
        "p75_day": 14.871299999999565,
        "p90_day": 24.84139999999943,
        "worst_day": -67.03199999999742,
        "worst_trade": -47.41200000000026,
        "days_loss_50plus": 4,
        "days_loss_100plus": 0,
        "days_win_50plus": 7,
        "days_win_100plus": 0,
        "max_drawdown_usd": -479.9967999999808,
        "max_consec_loss": 10
      },
      "NY": {
        "total_usd": 883.5088000000242,
        "total_pts": 441.7544000000121,
        "n_trades": 619,
        "n_days": 219,
        "wr_pct": 44.911147011308564,
        "avg_per_day": 4.034286757990978,
        "median_per_day": 3.276000000000751,
        "p10_day": -26.952400000000488,
        "p25_day": -11.312000000000353,
        "p75_day": 18.23200000000088,
        "p90_day": 35.04399999999878,
        "worst_day": -53.97400000000198,
        "worst_trade": -53.623999999999796,
        "days_loss_50plus": 3,
        "days_loss_100plus": 0,
        "days_win_50plus": 10,
        "days_win_100plus": 0,
        "max_drawdown_usd": -242.71399999999267,
        "max_consec_loss": 10
      }
    },
    "combined": {
      "total_usd": 1668.1920000000864,
      "total_pts": 834.0960000000432,
      "n_trades": 1843,
      "n_days": 240,
      "wr_pct": 42.97341291372762,
      "avg_per_day": 6.95080000000036,
      "median_per_day": 6.562200000001213,
      "p10_day": -39.05180000000091,
      "p25_day": -16.212500000001455,
      "p75_day": 25.816099999999096,
      "p90_day": 57.473559999999075,
      "worst_day": -115.55399999999463,
      "worst_trade": -53.623999999999796,
      "days_loss_50plus": 13,
      "days_loss_100plus": 2,
      "days_win_50plus": 31,
      "days_win_100plus": 3,
      "max_drawdown_usd": -479.9967999999808,
      "max_consec_loss": 10
    }
  },
  "Pine v15.2 alt (BE 1.5R, 60min BO_strong)": {
    "per_session": {
      "Asia": {
        "total_usd": 449.33064000001923,
        "total_pts": 224.66532000000961,
        "n_trades": 653,
        "n_days": 185,
        "wr_pct": 42.11332312404288,
        "avg_per_day": 2.428814270270374,
        "median_per_day": -0.25759999999991123,
        "p10_day": -28.35567999999984,
        "p25_day": -14.712000000000444,
        "p75_day": 16.193839999999,
        "p90_day": 39.857336000000586,
        "worst_day": -112.04800000000068,
        "worst_trade": -59.884000000000015,
        "days_loss_50plus": 3,
        "days_loss_100plus": 1,
        "days_win_50plus": 15,
        "days_win_100plus": 1,
        "max_drawdown_usd": -487.45759999997153,
        "max_consec_loss": 9
      },
      "London": {
        "total_usd": 1038.7432799999397,
        "total_pts": 519.3716399999698,
        "n_trades": 1087,
        "n_days": 238,
        "wr_pct": 42.68629254829807,
        "avg_per_day": 4.364467563024957,
        "median_per_day": 1.546740000000682,
        "p10_day": -31.157500000002802,
        "p25_day": -14.62808999999902,
        "p75_day": 23.09507999999937,
        "p90_day": 45.25174800000059,
        "worst_day": -95.50959999999759,
        "worst_trade": -70.01080000000002,
        "days_loss_50plus": 9,
        "days_loss_100plus": 0,
        "days_win_50plus": 17,
        "days_win_100plus": 2,
        "max_drawdown_usd": -341.92180000001827,
        "max_consec_loss": 9
      },
      "NY": {
        "total_usd": 166.7132800000163,
        "total_pts": 83.35664000000816,
        "n_trades": 1052,
        "n_days": 239,
        "wr_pct": 41.634980988593156,
        "avg_per_day": 0.6975451046025786,
        "median_per_day": 2.217000000001466,
        "p10_day": -38.37268000000004,
        "p25_day": -18.422499999998763,
        "p75_day": 22.761999999999716,
        "p90_day": 40.24234399999846,
        "worst_day": -248.50999999999658,
        "worst_trade": -120.69160000000012,
        "days_loss_50plus": 16,
        "days_loss_100plus": 4,
        "days_win_50plus": 18,