{
  "generated": "2026-05-04T22:29:44.345197",
  "train_pnl": 2656.2196000000013,
  "oos_pnl": 6427.954900000002,
  "train_per_yr": 885.4065333333338,
  "oos_per_yr": 2794.7630000000013,
  "retention_pct": 315.64743366851144,
  "verdict": "PASS"
}