{
  "generated": "2026-05-04T17:52:27.133808",
  "results": {
    "baseline_any": {
      "pnl": 1107.9534999999955,
      "trades": 773,
      "wr": 19.404915912031047
    },
    "e27a_strict": {
      "pnl": 1107.8609999999976,
      "trades": 750,
      "wr": 19.466666666666665
    },
    "e27b_body30": {
      "pnl": 1289.4204999999965,
      "trades": 700,
      "wr": 21.285714285714285
    },
    "e27c_body50": {
      "pnl": 1326.821500000001,
      "trades": 650,
      "wr": 22.153846153846153
    },
    "e27d_strict_body30": {
      "pnl": 1304.7515000000005,
      "trades": 669,
      "wr": 21.823617339312406
    },
    "e27e_strict_body50": {
      "pnl": 1422.3545000000026,
      "trades": 620,
      "wr": 23.225806451612904
    }
  }
}