{
  "generated": "2026-05-04T17:55:30.667862",
  "results": {
    "London baseline (any pat, 1:43 box)": {
      "pnl": -600.0304999999973,
      "trades": 408,
      "wr": 11.764705882352942
    },
    "L29a strict pattern (no inside)": {
      "pnl": -614.558999999995,
      "trades": 366,
      "wr": 11.475409836065573
    },
    "L29b body breakout >=30%": {
      "pnl": -635.0434999999989,
      "trades": 386,
      "wr": 11.398963730569948
    },
    "L29c body breakout >=50%": {
      "pnl": -583.0764999999972,
      "trades": 347,
      "wr": 11.527377521613833
    },
    "L29d strict + body30%": {
      "pnl": -622.8445000000008,
      "trades": 341,
      "wr": 11.143695014662757
    },
    "L29e strict + body50%": {
      "pnl": -563.9760000000026,
      "trades": 309,
      "wr": 11.326860841423947
    },
    "L29f tighter SL 0.3*bw": {
      "pnl": -528.1949000000025,
      "trades": 411,
      "wr": 12.165450121654501
    },
    "L29g tight SL 0.4*bw": {
      "pnl": -515.341200000001,
      "trades": 408,
      "wr": 11.764705882352942
    },
    "L29h wider SL 0.7*bw": {
      "pnl": -785.2706000000051,
      "trades": 398,
      "wr": 10.050251256281408
    },
    "L29i bigger TP2 8R": {
      "pnl": -790.6130000000005,
      "trades": 394,
      "wr": 7.614213197969543
    },
    "L29j bigger TP2 10R": {
      "pnl": -1065.5720000000026,
      "trades": 380,
      "wr": 4.2105263157894735
    },
    "L29k smaller TP2 4R": {
      "pnl": -322.2355000000018,
      "trades": 438,
      "wr": 19.634703196347033
    },
    "L29l skip Friday": {
      "pnl": -457.6619999999996,
      "trades": 327,
      "wr": 12.232415902140673
    },
    "L29m max_att=5": {
      "pnl": -624.6159999999966,
      "trades": 413,
      "wr": 11.62227602905569
    },
    "L29n box dur=5": {
      "pnl": -888.4504999999908,
      "trades": 516,
      "wr": 10.077519379844961
    },
    "L29o box dur=10": {
      "pnl": -1652.513999999992,
      "trades": 581,
      "wr": 4.991394148020654
    },
    "L29p Combined: strict+body30+tightSL": {
      "pnl": -505.27120000000036,
      "trades": 345,
      "wr": 11.594202898550725
    },
    "L29q Combined: strict+body50+TP8R": {
      "pnl": -666.0564999999999,
      "trades": 299,
      "wr": 7.6923076923076925
    }
  }
}