{
  "generated": "2026-05-04T19:33:25.677831",
  "results": {
    "09:00/3m": {
      "pnl": 1303.337499999996,
      "trades": 634,
      "wr": 21.92429022082019
    },
    "09:00/4m": {
      "pnl": 1190.3504999999973,
      "trades": 596,
      "wr": 22.483221476510067
    },
    "09:00/5m": {
      "pnl": 1277.8239999999955,
      "trades": 576,
      "wr": 22.916666666666668
    },
    "09:00/7m": {
      "pnl": 1316.5000000000025,
      "trades": 504,
      "wr": 24.206349206349206
    },
    "09:00/10m": {
      "pnl": 1315.6044999999922,
      "trades": 445,
      "wr": 25.617977528089888
    },
    "09:01/3m": {
      "pnl": 1184.2755000000027,
      "trades": 643,
      "wr": 22.3950233281493
    },
    "09:01/4m": {
      "pnl": 1269.725000000011,
      "trades": 615,
      "wr": 22.926829268292682
    },
    "09:01/5m": {
      "pnl": 1360.9075000000084,
      "trades": 582,
      "wr": 23.711340206185568
    },
    "09:01/7m": {
      "pnl": 1328.8230000000033,
      "trades": 539,
      "wr": 24.304267161410017
    },
    "09:01/10m": {
      "pnl": 1214.6124999999997,
      "trades": 465,
      "wr": 24.946236559139784
    },
    "09:02/3m": {
      "pnl": 1283.4525000000094,
      "trades": 639,
      "wr": 23.004694835680752
    },
    "09:02/4m": {
      "pnl": 1365.2925000000112,
      "trades": 621,
      "wr": 23.18840579710145
    },
    "09:02/5m": {
      "pnl": 1231.77650000001,
      "trades": 599,
      "wr": 22.537562604340568
    },
    "09:02/7m": {
      "pnl": 1411.7550000000047,
      "trades": 563,
      "wr": 24.33392539964476
    },
    "09:02/10m": {
      "pnl": 1308.973500000005,
      "trades": 463,
      "wr": 25.26997840172786
    },
    "09:03/3m": {
      "pnl": 1428.1100000000065,
      "trades": 643,
      "wr": 23.63919129082426
    },
    "09:03/4m": {
      "pnl": 1238.426500000002,
      "trades": 635,
      "wr": 22.362204724409448
    },
    "09:03/5m": {
      "pnl": 1422.3545000000026,
      "trades": 620,
      "wr": 23.225806451612904
    },
    "09:03/7m": {
      "pnl": 1626.619500000006,
      "trades": 562,
      "wr": 24.91103202846975
    },
    "09:03/10m": {
      "pnl": 1305.5800000000006,
      "trades": 466,
      "wr": 25.321888412017167
    },
    "09:04/3m": {
      "pnl": 1130.4075000000068,
      "trades": 650,
      "wr": 22.0
    },
    "09:04/4m": {
      "pnl": 1173.57,
      "trades": 647,
      "wr": 22.102009273570324
    },
    "09:04/5m": {
      "pnl": 1421.5945000000038,
      "trades": 626,
      "wr": 23.322683706070286
    },
    "09:04/7m": {
      "pnl": 1386.8790000000029,
      "trades": 552,
      "wr": 23.91304347826087
    },
    "09:04/10m": {
      "pnl": 1571.0774999999926,
      "trades": 470,
      "wr": 26.595744680851062
    },
    "09:05/3m": {
      "pnl": 1293.0949999999975,
      "trades": 649,
      "wr": 22.80431432973806
    },
    "09:05/4m": {
      "pnl": 1427.031999999999,
      "trades": 641,
      "wr": 23.556942277691107
    },
    "09:05/5m": {
      "pnl": 1438.2769999999946,
      "trades": 611,
      "wr": 23.731587561374795
    },
    "09:05/7m": {
      "pnl": 1446.160499999985,
      "trades": 536,
      "wr": 24.813432835820894
    },
    "09:05/10m": {
      "pnl": 1589.2949999999892,
      "trades": 480,
      "wr": 26.666666666666668
    },
    "09:06/3m": {
      "pnl": 1347.7499999999927,
      "trades": 627,
      "wr": 23.444976076555022
    },
    "09:06/4m": {
      "pnl": 1387.87599999999,
      "trades": 621,
      "wr": 23.349436392914654
    },
    "09:06/5m": {
      "pnl": 1437.2104999999854,
      "trades": 583,
      "wr": 23.842195540308747
    },
    "09:06/7m": {
      "pnl": 1517.144499999988,
      "trades": 539,
      "wr": 24.675324675324674
    },
    "09:06/10m": {
      "pnl": 1608.6225000000036,
      "trades": 466,
      "wr": 26.824034334763947
    },
    "09:07/3m": {
      "pnl": 1443.0669999999916,
      "trades": 630,
      "wr": 23.333333333333332
    },
    "09:07/4m": {
      "pnl": 1399.0179999999887,
      "trades": 613,
      "wr": 23.491027732463294
    },
    "09:07/5m": {
      "pnl": 1448.534499999986,
      "trades": 599,
      "wr": 24.040066777963272
    },
    "09:07/7m": {
      "pnl": 1366.0264999999918,
      "trades": 550,
      "wr": 23.818181818181817
    },
    "09:07/10m": {
      "pnl": 1661.8989999999899,
      "trades": 467,
      "wr": 27.40899357601713
    },
    "09:08/3m": {
      "pnl": 1241.6379999999947,
      "trades": 611,
      "wr": 22.585924713584287
    },
    "09:08/4m": {
      "pnl": 1490.765999999988,
      "trades": 623,
      "wr": 23.59550561797753
    },
    "09:08/5m": {
      "pnl": 1531.01299999999,
      "trades": 602,
      "wr": 23.25581395348837
    },
    "09:08/7m": {
      "pnl": 1541.7379999999955,
      "trades": 559,
      "wr": 24.329159212880143
    },
    "09:08/10m": {
      "pnl": 1548.1224999999977,
      "trades": 479,
      "wr": 26.304801670146137
    },
    "09:10/3m": {
      "pnl": 1209.4519999999918,
      "trades": 618,
      "wr": 21.521035598705502
    },
    "09:10/4m": {
      "pnl": 1223.5109999999925,
      "trades": 613,
      "wr": 21.207177814029365
    },
    "09:10/5m": {
      "pnl": 1340.0919999999935,
      "trades": 600,
      "wr": 22.0
    },
    "09:10/7m": {
      "pnl": 1410.5594999999985,
      "trades": 535,
      "wr": 23.55140186915888
    },
    "09:10/10m": {
      "pnl": 1423.5364999999947,
      "trades": 472,
      "wr": 25.21186440677966
    }
  },
  "best": "09:07/10m"
}